data_id,iso,event_id_cnty,event_id_no_cnty,event_date,year,time_precision,event_type,sub_event_type,actor1,assoc_actor_1,inter1,actor2,assoc_actor_2,inter2,interaction,region,country,admin1,admin2,admin3,location,latitude,longitude,geo_precision,source,source_scale,notes,fatalities,timestamp,iso3
6700106,262,DJI135,135,2019-11-14,2019,1,Protests,Peaceful protest,Protesters (Djibouti),,6,,,0,60,Eastern Africa,Djibouti,Djibouti,Djibouti,,Djibouti,11.595,43.1481,1,Radio Boukao,New media,"On 14 November 2019, in Djibouti, residents of Arhiba organized a sit-in to denounce the two weeks detention of activist Kako Homad Kako by the Djiboutian police.[size=no report]",0,1576855238,DJI
6336559,262,DJI134,134,2019-11-03,2019,1,Strategic developments,Arrests,Police Forces of Djibouti (1999-),,1,Civilians (Djibouti),,7,17,Eastern Africa,Djibouti,Djibouti,Djibouti,,Djibouti,11.595,43.1481,1,International Federation for Human Rights,Other,"On 3 Novembre 2019, in Djibouti, opposition leader Kako Houmed Kako was placed in provisory detention by the tribunal of Djibouti. The motives behind his inculpation remain unknown.",0,1573519207,DJI
6331318,262,DJI128,128,2019-11-01,2019,1,Protests,Peaceful protest,Protesters (Djibouti),,6,,,0,60,Eastern Africa,Djibouti,Obock,Obock,,Obock,11.9631,43.2906,1,RFI,International,"On 1 November 2019, a protest to denounce the arrest of Kako Houmed Kako was held in Obock.[size=no report]",0,1572909431,DJI
6331319,262,DJI129,129,2019-11-01,2019,1,Protests,Peaceful protest,Protesters (Djibouti),,6,,,0,60,Eastern Africa,Djibouti,Tadjourah,Randa,,Randa,11.8469,42.6606,1,RFI,International,"On 1 November 2019, a protest to denounce the arrest of Kako Houmed Kako was held in Randa.[size=no report]",0,1572909431,DJI
6331322,262,DJI130,130,2019-11-01,2019,1,Protests,Peaceful protest,Protesters (Djibouti),,6,,,0,60,Eastern Africa,Djibouti,Tadjourah,Tadjourah,,Tadjourah,11.7853,42.8844,1,RFI,International,"On 1 November 2019, a protest to denounce the arrest of Kako Houmed Kako was held in Tadjourah. [size=no report]",0,1572909431,DJI
6331282,262,DJI132,132,2019-10-31,2019,1,Strategic developments,Arrests,Police Forces of Djibouti (1999-),,1,Civilians (Djibouti),,7,17,Eastern Africa,Djibouti,Djibouti,Djibouti,,Djibouti,11.595,43.1481,1,Radio Boukao,New media,"On 31 Octotber 2019, in Djibouti, opposition leader Kako Houmed Kako was arrested by the Djiboutian police and transferred to an unknown place.",0,1572909431,DJI
6331321,262,DJI127,127,2019-10-31,2019,1,Protests,Excessive force against protesters,Police Forces of Djibouti (1999-),,1,Protesters (Djibouti),,6,16,Eastern Africa,Djibouti,Djibouti,Djibouti,,Djibouti,11.595,43.1481,2,RFI,International,"On 31 October 2019, in Arhiba (south of Djibouti city), for 24 hours, protestors demonstrated against the arrest of Kako Houmed Kako by the police. The use of real bullets by the police was reported in response. According to the human rights Djiboutian league dozens of protestors where injured and arrested.[size=no report]",0,1572909431,DJI
6331184,262,DJI131,131,2019-10-27,2019,1,Strategic developments,Arrests,Police Forces of Djibouti (1999-),,1,Civilians (Djibouti),Journalists (Djibouti),7,17,Eastern Africa,Djibouti,Djibouti,Djibouti,,Djibouti,11.595,43.1481,1,International Federation for Human Rights,Other,"On 27 October 2019, in Djibouti journalist Osman Yonis Bogoreh was arrested for a secong time by the Djiboutian police after his release a day before.",0,1572909431,DJI
6356911,262,DJI133,133,2019-10-25,2019,1,Violence against civilians,Attack,Police Forces of Djibouti (1999-),,1,Civilians (Djibouti),Journalists (Djibouti),7,17,Eastern Africa,Djibouti,Ali Sabieh,Goubetto,,Goubetto,11.4239,43.0003,1,International Federation for Human Rights,Other,"On 26 October 2019, in Goubetto, journalist Osman Yonis Bogoreh, was reported to be tortured for 48 hours by the Djiboutian police before his release.",0,1574121962,DJI
6129513,262,DJI125,125,2019-09-30,2019,1,Protests,Peaceful protest,Protesters (Djibouti),Labour Group (Djibouti),6,,,0,60,Eastern Africa,Djibouti,Djibouti,Djibouti,,Djibouti,11.595,43.1481,1,Twitter,New media,"On 30 September 2019, young graduate unemployed held a peaceful protest in Djibouti against austerity, poverty and unemployment. [size=no report]",0,1571164645,DJI
6120683,262,DJI124,124,2019-09-16,2019,2,Battles,Armed clash,Issa Clan Militia (Djibouti),,4,Afar Ethnic Militia (Djibouti),,4,44,Eastern Africa,Djibouti,Dikhil,As Eyla,,As Eyla,11.0036,42.1025,1,Radio Boukao,New media,"On or around 16 September 2019, armed clashes were reported in As Eyla, Dikhil region between Afar and Issa groups. At least one person was injured.",0,1571164634,DJI
6128621,262,DJI126,126,2019-09-11,2019,1,Violence against civilians,Attack,Police Forces of Djibouti (1999-),,1,Civilians (Djibouti),,7,17,Eastern Africa,Djibouti,Djibouti,Djibouti,,Djibouti,11.595,43.1481,2,Twitter,New media,"On 11 September 2019, Gadidche Ladieh Omar was tortured and murdered in detention at the Nagad Police Academy.",1,1571164644,DJI
6120684,262,DJI123,123,2019-09-03,2019,2,Violence against civilians,Attack,Police Forces of Djibouti (1999-),,1,Civilians (Djibouti),Government of Djibouti (1999-),7,17,Eastern Africa,Djibouti,Djibouti,Djibouti,,Djibouti,11.595,43.1481,3,Radio Boukao,New media,"On or around 3 September 2019, several policemen attacked and beat the Chief of Service for the Port, inside his vehicle.",0,1571164634,DJI
5727330,262,DJI122,122,2019-08-26,2019,1,Violence against civilians,Attack,Military Forces of Djibouti (1999-),,1,Civilians (Djibouti),Pastoralists (Djibouti),7,17,Eastern Africa,Djibouti,Obock,Obock,,Medeho,11.9731,43.0261,1,ARD Djibouti,National,"On August 26, in Medeho, Mabla-Obock village, Military forces allegedly opened fire on herdsmen following the killing of a soldier's dog. No fatalities reported.",0,1567450156,DJI
6053765,262,DJI121,121,2019-06-10,2019,2,Violence against civilians,Attack,Military Forces of Djibouti (1999-),,1,Civilians (Djibouti),,7,17,Eastern Africa,Djibouti,Tadjourah,Tadjourah,,Tadjourah,11.7853,42.8844,1,AINA,International,"On June 10 (or around), in Tadjourah, military forces shot at civilians, killing three and injuring an unknown number.",3,1571164540,DJI
5184515,262,DJI119,119,2019-05-08,2019,1,Riots,Violent demonstration,Rioters (Djibouti),Labour Group (Djibouti),5,Police Forces of Djibouti (1999-),,1,15,Eastern Africa,Djibouti,Djibouti,Djibouti,,Balbala,11.5619,43.1067,1,La Voix De Djibouti,National,"On May 8, in Balbalaa, in Djibouti's neighbourhood, workers of the Djibouti Agency of Roads (ADR) demonstrated to demand better working conditions. They reportedly burned tires. Rioters were arrested by police forces, and released later the same day. [size=no report]",0,1558389800,DJI
5130918,262,DJI118,118,2019-04-11,2019,1,Violence against civilians,Attack,Military Forces of Djibouti (1999-),,1,Civilians (Djibouti),,7,17,Eastern Africa,Djibouti,Dikhil,Dikhil,,Dikhil,11.1045,42.3697,2,La Voix De Djibouti,National,"On the night of April 11-12, between Dikhil and As Eyla, a military patrol fighting smugglers shot at a bus, injuring two civilians.",0,1555958739,DJI
4579402,262,DJI117,117,2018-12-21,2018,1,Strategic developments,Arrests,Police Forces of Djibouti (1999-),,1,Al Qaeda,,2,12,Eastern Africa,Djibouti,Djibouti,Djibouti,,Djibouti,11.595,43.1481,1,AFP,International,"On Dec 21, in Djibouti, French djihadist Peter Cherif was arrested by Djibouti Forces.",0,1552576420,DJI
6410070,262,DJI116,116,2018-08-07,2018,1,Strategic developments,Agreement,Government of Djibouti (1999-),,1,Government of Eritrea (1993-),,8,18,Eastern Africa,Djibouti,Djibouti,Djibouti,,Djibouti,11.595,43.1481,1,ESAT,International,Agreement: 07 September. Eritrea and Djibouti have signed a peace deal in Djibouti after years of stand off over border conflicts.,0,1575999996,DJI
6306531,262,DJI115,115,2018-05-14,2018,1,Riots,Violent demonstration,Police Forces of Djibouti (1999-),,1,Rioters (Djibouti),,5,15,Eastern Africa,Djibouti,Tadjourah,Tadjourah,,Tadjourah,11.7853,42.8844,1,RFI,International,"On 14 May, a youth demonstration over the results of a career recruitment drive for a newly constructed port led to clashes with police in Tadjourah. 80 people were arrested and released later on. The youth blocked roads, stoned the security forces and ransacked the Regional Council offices.",0,1572403775,DJI
4690113,262,DJI114,114,2017-10-27,2017,1,Protests,Excessive force against protesters,Protesters (Djibouti),,6,Police Forces of Djibouti (1999-),,1,16,Eastern Africa,Djibouti,Tadjourah,Tadjourah,,Tadjourah,11.7853,42.8844,1,CIVICUS,Other,"On 27th October, peaceful protests occurred in Tadjourah, northern Djibouti, where a port is to be built. The protesters were demanding jobs. Several demonstrators were injured when the police used live ammo and teargas to disperse the protesters",0,1552576745,DJI
6226991,262,DJI120,120,2017-10-08,2017,1,Riots,Violent demonstration,Rioters (Djibouti),Issa Clan Group (Djibouti),5,Military Forces of Djibouti (1999-),,1,15,Eastern Africa,Djibouti,Djibouti,Djibouti,,Balbala,11.5619,43.1067,1,Djib Live (Djibouti); Alwihda (Chad),New media-Regional,"On October 8, early in the morning, Military forces' bulldozers entered Balbala and demolished buildings and houses. In reaction, inhabitants, mostly from Issa ethncity, threw rocks and Molotov cocktails at soldiers. Military forces allegedly shot at inhabitants, injuring 9. 100 people were arrested. [size=no report]",0,1572403605,DJI
4724940,262,DJI112,112,2017-06-15,2017,3,Protests,Protest with intervention,Protesters (Djibouti),,6,Police Forces of Djibouti (1999-),,1,16,Eastern Africa,Djibouti,Tadjourah,Tadjourah,,Tadjourah,11.7853,42.8844,1,CIVICUS,Other,"In mid-June 2017, a youth protest demanding better access to jobs in the new Port of Tadjourah was cut short when security officials detained several dozen protesters at the Tadjourah Gendarmerie headquarters",0,1552576883,DJI
4752266,262,DJI111,111,2017-03-08,2017,2,Violence against civilians,Attack,Police Forces of Djibouti (1999-),,1,Civilians (Djibouti),Journalists (Djibouti),7,17,Eastern Africa,Djibouti,Djibouti,Djibouti,,Djibouti,11.595,43.1481,3,CIVICUS,Other,"In early March 2017, the famous caricaturist Idriss Hassan Mohamed was arrested and held in an undisclosed location for five days. According to LDDH, his leg was broken during interrogation and detention. LDDH claims he was arrested in retaliation for an article he published criticising the regime",0,1552577101,DJI
4767673,262,DJI110,110,2017-01-14,2017,1,Violence against civilians,Attack,Police Forces of Djibouti (1999-),,1,Civilians (Djibouti),USN: Union for National Salvation,7,17,Eastern Africa,Djibouti,Djibouti,Djibouti,,Balbala,11.5619,43.1067,1,US State Department,Other,"On January 14, authorities in Balbala reportedly arrested president of the Opposition Youth Movement and USN activist Zakaria Rirache Miguil during a meeting of opposition youth in his home. He was suspected of plotting to organise protests against President Guelleh's candidacy for a fourth mandate. He was allegedly tortured while detained",0,1552577119,DJI
6410472,262,DJI109,109,2016-11-03,2016,1,Protests,Excessive force against protesters,Police Forces of Djibouti (1999-),,1,Protesters (Ethiopia),Refugees/IDPs (Ethiopia); Oromo Ethnic Group (Ethiopia),6,16,Eastern Africa,Djibouti,Djibouti,Djibouti,,Djibouti,11.595,43.1481,3,Oromiya Media Network,International,Police reportedly shot and wounded three Oromo refugees in Djibouti as the refugees were protesting having to pay bribes to police in order to register with UNHCR.,0,1575999997,DJI
4797668,262,DJI108,108,2016-08-16,2016,1,Battles,Armed clash,Military Forces of Djibouti (1977-1999),,1,FRUD: Front of the Restoration of Unity and Democracy,,2,12,Eastern Africa,Djibouti,Tadjourah,Dorra,,Margoita,12.4056,42.4814,1,Ligue Djiboutienne des Droits Humains,Other,"FRUD forces attacked government soldiers at Margoita camp, leaving soldiers with injuries and stealing armaments.",0,1552577185,DJI
5131423,262,DJI107,107,2016-08-15,2016,1,Battles,Government regains territory,Military Forces of Djibouti (1977-1999),,1,FRUD: Front of the Restoration of Unity and Democracy,,2,12,Eastern Africa,Djibouti,Dikhil,Dikhil,,Yager,11.6731,42.0864,1,Ligue Djiboutienne des Droits Humains,Other,"Soldiers pushed away FRUD forces, including FRUD forces crossing from Ethiopia, on Yager mount in an attack on 15 August, leading to some injuries among soldiers.",0,1555958740,DJI
6357196,262,DJI106,106,2016-05-14,2016,1,Violence against civilians,Attack,Military Forces of Djibouti (1999-) Gendarmerie,,1,Civilians (Djibouti),,7,17,Eastern Africa,Djibouti,Ali Sabieh,Ali Sabieh,,Ali Sabieh,11.1558,42.7125,1,Ligue Djiboutienne des Droits Humains,Other,Agents of the Gendarmerie in Ali Sabieh allegedly arrested and beat a civilian without charge.,0,1574121964,DJI
4837145,262,DJI104,104,2016-01-11,2016,1,Violence against civilians,Attack,Police Forces of Djibouti (1999-),,1,Civilians (Djibouti),Journalists (Djibouti),7,17,Eastern Africa,Djibouti,Djibouti,Djibouti,,Djibouti,11.595,43.1481,1,Alkarama Foundation,Other,"Kadar Abdi Ibrahim, publication co-director of the Aurore newspaper, was arrested by police in connection with the publication of a photograph of a seven-year-old girl who died during the violent dispersal of a religious ceremony by the police and the Djibouti army on 21 December 2015. He was reportedly tortured in detention. He was later condemned to a two-month suspended prison sentence, while the publication of this monthly newspaper was also suspended for two months.",0,1552577230,DJI
6226990,262,DJI103,103,2015-12-21,2015,1,Battles,Armed clash,Police Forces of Djibouti (1999-),Military Forces of Djibouti (1999-),1,Issa Yonis Moussa Sub-Clan Militia (Djibouti),USN: Union for National Salvation,4,14,Eastern Africa,Djibouti,Djibouti,Djibouti,,Balbala,11.5619,43.1067,1,RFI; Puntland Post; Deutsche Welle,Regional-International,"Up to 27 people were reportedly killed and 150 injured in clashes between police, troops and armed members of the Yonis Moussa community in Balbala. Numbers provided by the International federation for Human Rights (FIDH) and the opposition are three times higher than authorities. Authorities reported that opponents attacked them armed with knives, machetes and two Kalashnikov guns, while the opposition emphasised they were attending a banned religious gathering when security forces attacked them. 17 people were arrested following the clashes, including members of the opposition coalition Union for National Salvation (USN).",27,1572403605,DJI
4840599,262,DJI101,101,2015-12-10,2015,1,Violence against civilians,Attack,Police Forces of Djibouti (1999-),,1,Civilians (Djibouti),LDDH: Djiboutian League of Human Rights,7,17,Eastern Africa,Djibouti,Djibouti,Djibouti,,Djibouti,11.595,43.1481,2,CIVICUS,Other,"On 10 December 2015, Said Hussein Robleh, the secretary general of LDDH and an opposition member of parliament, was insulted and publicly beaten by the Chief of Police while sitting in a cafe. He sustained serious injuries and was forced to seek medical assistance",0,1552577235,DJI
4843182,262,DJI100,100,2015-11-02,2015,1,Violence against civilians,Attack,Police Forces of Djibouti (1999-),,1,Civilians (Djibouti),MJO: Opposition Youth Movement,7,17,Eastern Africa,Djibouti,Djibouti,Djibouti,,Balbala,11.5619,43.1067,1,Alkarama Foundation,Other,Police violently arrested a young member of the Youth Opposition Movement (MJO). He was held at Gabode prison in harsh conditions and severely beaten during the course of his arrest.,0,1552577238,DJI
4843235,262,DJI99,99,2015-11-01,2015,1,Violence against civilians,Attack,Police Forces of Djibouti (1999-),,1,Civilians (Djibouti),MRD: Movement for Democratic Renewal,7,17,Eastern Africa,Djibouti,Djibouti,Djibouti,,Balbala,11.5619,43.1067,1,Alkarama Foundation,Other,"Police violently arrested six minors aged between 13 and 15 years from the Movement for Democratic Renewal (MRD) - a National Salvation Union (USN) party - in the Balbala Sheikh Moussa neighbourhood in Djibouti City, at a peaceful celebration before ransacking the partys premises. The minors were held at Gabode prison in harsh conditions",0,1552577238,DJI
6226992,262,DJI98,98,2015-10-23,2015,1,Violence against civilians,Attack,Police Forces of Djibouti (1999-),,1,Civilians (Djibouti),,7,17,Eastern Africa,Djibouti,Djibouti,Djibouti,,Djibouti,11.595,43.1481,3,AFP; RFI,International,"Seven people have been arrested over suspected links to the rebel Front for the Restoration of Unity and Democracy (FRUD). In total, 15 people have been put behind bars for their alledged link to FRUD. they have alledgedly been systematically tortured since their arrest",0,1572403605,DJI
4845092,262,DJI97,97,2015-10-04,2015,1,Strategic developments,Arrests,Police Forces of Djibouti (1999-),,1,Civilians (Djibouti),,7,17,Eastern Africa,Djibouti,Djibouti,Djibouti,,Balbala,11.5619,43.1067,1,Alkarama Foundation,Other,"Arrests: Young members of the Union for National Salvation (USN) and the Opposition Youth Movement (MJO), as well as two USN leaders, were arbitrarily detained in Gabode prison following a first instance trial after having been arrested on 18 September for having participated in a demonstration. they were released on 11 October",0,1552577240,DJI
6306508,262,DJI96,96,2015-09-30,2015,1,Strategic developments,Arrests,FRUD: Front of the Restoration of Unity and Democracy,,2,Civilians (Djibouti),,7,27,Eastern Africa,Djibouti,Tadjourah,Tadjourah,,Tadjourah,11.7853,42.8844,2,RFI,International,"Arrests: FRUD militants burnt down three vehicles belonging to a road construction company near the town of Tadjura. 20 people have been arrested in connection tp this attack, including people suspected of being close to the group",0,1572403775,DJI
6306009,262,DJI95,95,2015-06-08,2015,2,Protests,Excessive force against protesters,Protesters (Djibouti),USN: Union for National Salvation,6,Police Forces of Djibouti (1999-),,1,16,Eastern Africa,Djibouti,Djibouti,Djibouti,,Djibouti,11.595,43.1481,2,RFI,International,There were protests in Djibouti led by the opposition Union for National Salvation party against a third term bid for the head of state. Police shot one of the protesters and later on arrested around 20 people.,0,1572403774,DJI
6306778,262,DJI94,94,2015-05-18,2015,3,Protests,Peaceful protest,Protesters (Djibouti),,6,,,0,60,Eastern Africa,Djibouti,Djibouti,Djibouti,,Djibouti,11.595,43.1481,2,RFI,International,The regime in Djibouti organized protests in support of the head of states fourth term bid,0,1572403775,DJI
4866672,262,DJI92,92,2014-12-08,2014,1,Violence against civilians,Attack,Police Forces of Djibouti (1999-),,1,Civilians (Djibouti),MJO: Opposition Youth Movement,7,17,Eastern Africa,Djibouti,Djibouti,Djibouti,,Balbala,11.5619,43.1067,1,Africa News,Regional,The President and the Spokesman for Mouvement des Jeunes de lopposition were arrested in their homes and beaten by police. They were denied access to a lawyer or doctor and placed in Gabode prison until one was released Dec 14th.,0,1552577396,DJI
6248873,262,DJI91,91,2014-08-27,2014,1,Strategic developments,Agreement,Government of Djibouti (1999-),,1,Civilians (Djibouti),USN: Union for National Salvation,7,17,Eastern Africa,Djibouti,Djibouti,Djibouti,,Djibouti,11.595,43.1481,1,Al-Wahda,International,Agreement: Government releases opposition MPs who were arrested in February.,0,1572403696,DJI
6304081,262,DJI90,90,2014-08-26,2014,1,Violence against civilians,Attack,Military Forces of Djibouti (1999-),,1,Civilians (Djibouti),,7,17,Eastern Africa,Djibouti,Djibouti,Djibouti,,Djibouti,11.595,43.1481,1,Radio Dalsan,Regional,"Djibouti Republican Guard has suddenly opened fire today at the Djibouti International Airport, injuring two people, including a senior officer.",0,1572403772,DJI
4873730,262,DJI89,89,2014-08-15,2014,3,Violence against civilians,Attack,Police Forces of Djibouti (1999-),,1,Civilians (Djibouti),Journalists (Djibouti),7,17,Eastern Africa,Djibouti,Djibouti,Djibouti,,Balbala,11.5619,43.1067,1,CIVICUS,Other,"In August 2014, journalist Mohamed Ibrahim Waiss was arrested and detained, in Djibouti City, and accused of 'incitement and publishing false news.' According to the Committee to Protect Journalists, he was beaten and denied access to medical treatment while detained at Hodan Balbala Police Station",0,1552577410,DJI
6248800,262,DJI86,86,2014-08-11,2014,1,Battles,Armed clash,Military Forces of Djibouti (1999-),,1,FRUD: Front of the Restoration of Unity and Democracy,,2,12,Eastern Africa,Djibouti,Tadjourah,Randa,,Assau Guera,11.8,42.6833,1,Al Wahdah,International,A battle between Front of the Restoration of Unity and Democracy (FRUD) and the army leaves 5 soldiers dead and 7 wounded.,2,1572403696,DJI
6248802,262,DJI88,88,2014-08-11,2014,1,Battles,Armed clash,Military Forces of Djibouti (1999-),,1,FRUD: Front of the Restoration of Unity and Democracy,,2,12,Eastern Africa,Djibouti,Tadjourah,Randa,,Dissay,11.8219,42.6514,1,Al Wahdah,International,A battle between Front of the Restoration of Unity and Democracy (FRUD) and the army leaves 5 soldiers dead and 7 wounded.,1,1572403696,DJI
6248809,262,DJI87,87,2014-08-11,2014,1,Battles,Armed clash,Military Forces of Djibouti (1999-),,1,FRUD: Front of the Restoration of Unity and Democracy,,2,12,Eastern Africa,Djibouti,Tadjourah,Randa,,Day,11.7678,42.6579,1,Al Wahdah,International,A battle between Front of the Restoration of Unity and Democracy (FRUD) and the army leaves 5 soldiers dead and 7 wounded.,1,1572403696,DJI
6248811,262,DJI85,85,2014-08-11,2014,1,Battles,Armed clash,Military Forces of Djibouti (1999-),,1,FRUD: Front of the Restoration of Unity and Democracy,,2,12,Eastern Africa,Djibouti,Tadjourah,Randa,,Amisso Daba,11.8306,42.7069,1,Al Wahdah,International,A battle between Front of the Restoration of Unity and Democracy (FRUD) and the army leaves 5 soldiers dead and 7 wounded.,1,1572403696,DJI
5253951,262,DJI84,84,2014-08-08,2014,1,Protests,Protest with intervention,Protesters (Djibouti),USN: Union for National Salvation,6,Police Forces of Djibouti (1999-),,1,16,Eastern Africa,Djibouti,Djibouti,Djibouti,,Balbala,11.5619,43.1067,1,Reporters Sans Frontieres,Other,"A protest is organised in the district of Balbala Hayabley by members of the USN, a coalition of opposition parties. The police conducted some arrests at the protest.",0,1561469028,DJI
6248951,262,DJI83,83,2014-08-08,2014,1,Violence against civilians,Attack,Police Forces of Djibouti (1999-),,1,Civilians (Djibouti),Journalists (Djibouti),7,17,Eastern Africa,Djibouti,Djibouti,Djibouti,,Balbala,11.5619,43.1067,1,Alwihda (Chad),Regional,A reporter covering the protests in Balbala is arrested and severely beaten by the police.,0,1572403696,DJI
6248947,262,DJI82,82,2014-08-02,2014,1,Violence against civilians,Attack,Unidentified Armed Group (Djibouti),,3,Civilians (Djibouti),USN: Union for National Salvation,7,37,Eastern Africa,Djibouti,Djibouti,Djibouti,,Djibouti,11.595,43.1481,1,Alwihda (Chad),Regional,Unidentified gunmen shoot at a prominent member of the opposition USN. He escapes unscathed.,0,1572403696,DJI
6248812,262,DJI81,81,2014-07-17,2014,1,Strategic developments,Other,Government of Djibouti (1999-),Police Forces of Djibouti (1999-),1,Military Forces of Djibouti (1999-),,1,11,Eastern Africa,Djibouti,Djibouti,Djibouti,,Djibouti,11.595,43.1481,3,Al Wahdah,International,"Coup/Military takeover: An attempted coup is foiled, leading to several arrests in the military.",0,1572403696,DJI
6120150,262,DJI80,80,2014-07-12,2014,1,Strategic developments,Agreement,SPLA/M-In Opposition: Sudanese Peoples Liberation Army/Movement-In Opposition,,2,Government of Djibouti (1999-),,1,12,Eastern Africa,Djibouti,Djibouti,Djibouti,,Djibouti,11.595,43.1481,1,Nyamilepedia,New media,Agreement: Rebel leader Machar visits Djibouti to meet with President Ismail Omar Guelleh. Djibouti is one of the countries involved with the IGAD-led mediation talks aimed at resolving the South Sudan crisis.,0,1571164633,DJI
6248806,262,DJI79,79,2014-07-06,2014,1,Battles,Armed clash,Military Forces of Djibouti (1999-),,1,FRUD: Front of the Restoration of Unity and Democracy,,2,12,Eastern Africa,Djibouti,Tadjourah,Tadjourah,,Tadjourah,11.7853,42.8844,2,Al Wahdah,International,The Djibouti National Army fights against FRUD in an attempt to take over FRUD held territory. Casulties unknown.,0,1572403696,DJI
6248807,262,DJI77,77,2014-06-28,2014,1,Battles,Armed clash,Military Forces of Djibouti (1999-),,1,FRUD: Front of the Restoration of Unity and Democracy,,2,12,Eastern Africa,Djibouti,Tadjourah,Dorra,,Galeila,12.15,42.4,1,Al Wahdah,International,The Djibouti National Army fights against FRUD. No casulties reported.,0,1572403696,DJI
6248810,262,DJI78,78,2014-06-28,2014,1,Battles,Armed clash,Military Forces of Djibouti (1999-),,1,FRUD: Front of the Restoration of Unity and Democracy,,2,12,Eastern Africa,Djibouti,Tadjourah,Tadjourah,,Tadjourah,11.7853,42.8844,2,Al Wahdah,International,A clash between soldiers and FRUD leaves 1 soldier dead and 4 wounded.,1,1572403696,DJI
6248813,262,DJI76,76,2014-06-28,2014,1,Battles,Armed clash,Military Forces of Djibouti (1999-),,1,FRUD: Front of the Restoration of Unity and Democracy,,2,12,Eastern Africa,Djibouti,Tadjourah,Tadjourah,,Debel,11.8797,42.955,1,Al Wahdah,International,"A clash between soldiers and FRUD leaves 2 soldiers dead, 3 wounded and an army vehicle destroyed.",2,1572403696,DJI
6307422,262,DJI75,75,2014-05-24,2014,1,Explosions/Remote violence,Suicide bomb,Al Shabaab,,2,Civilians (Djibouti),,7,27,Eastern Africa,Djibouti,Djibouti,Djibouti,,Djibouti,11.595,43.1481,1,Sabahi,Regional,Al-Shabaab on Tuesday (May 27th) claimed responsibility for a weekend suicide bombing at a restaurant in Djibouti popular with Westerners,3,1572403776,DJI
6306685,262,DJI73,73,2014-05-19,2014,1,Violence against civilians,Attack,Police Forces of Djibouti (1999-),,1,Civilians (Djibouti),USN: Union for National Salvation,7,17,Eastern Africa,Djibouti,Djibouti,Djibouti,,Djibouti,11.595,43.1481,1,RFI,International,USN meeting was violently dispersed by police and the office was ransacked.,0,1572403775,DJI
6312831,262,DJI72,72,2014-04-14,2014,2,Strategic developments,Other,Government of Djibouti (1999-),,1,,,0,10,Eastern Africa,Djibouti,Djibouti,Djibouti,,Djibouti,11.595,43.1481,1,TesfaNews (Eritrea),Regional,"Agreement: The Djibouti government has handed over 267 Eritrean ""prisoners of war"" (POWs) to the UNHCR. UNHCR will transfer the 267 Eritreans to Ali Adhee refugee camp located at the border between Ethiopia and Djibouti so that they will be considered as refugees.",0,1572403783,DJI
4884745,262,DJI70,70,2014-03-04,2014,1,Violence against civilians,Attack,Police Forces of Djibouti (1999-),,1,Civilians (Djibouti),USN: Union for National Salvation,7,17,Eastern Africa,Djibouti,Djibouti,Djibouti,,Djibouti,11.595,43.1481,1,Reporters Sans Frontieres,Other,Djiboutian gendarmes used violence to break up a USN meeting in Balbala,0,1552577424,DJI
6306693,262,DJI67,67,2014-01-16,2014,1,Violence against civilians,Attack,Police Forces of Djibouti (1999-),,1,Civilians (Djibouti),,7,17,Eastern Africa,Djibouti,Djibouti,Djibouti,,Djibouti,11.595,43.1481,1,RFI,International,53 opposition activists were arrested at the headquarters of the Union for National Salavation by the security services; some of those arrested were injured; they were released later that day,0,1572403775,DJI
6307420,262,DJI66,66,2014-01-02,2014,1,Strategic developments,Arrests,Police Forces of Djibouti (1999-),,1,Civilians (Djibouti),Union for National Salvation,7,17,Eastern Africa,Djibouti,Djibouti,Djibouti,,Djibouti,11.595,43.1481,2,Sabahi,Regional,Djibouti security forces shut down opposition gathering (Union for National Salvation); 9 arrested; location not stated,0,1572403776,DJI
6257617,262,DJI65,65,2013-12-12,2013,1,Protests,Peaceful protest,Protesters (Djibouti),Women (Djibouti); Journalists (Djibouti),6,,,0,60,Eastern Africa,Djibouti,Djibouti,Djibouti,,Balbala,11.5619,43.1067,1,CPJ,Other,"Demonstration staged by women demanding land promised by government, journalist arrested for covering demonstration",0,1572403706,DJI
6307426,262,DJI63,63,2013-06-02,2013,1,Violence against civilians,Attack,Police Forces of Djibouti (1999-),,1,Civilians (Djibouti),USN: Union for National Salvation,7,17,Eastern Africa,Djibouti,Djibouti,Djibouti,,Balbala,11.5619,43.1067,1,Sabahi,Regional,"Djiboutian police stormed a house where members of the opposition Union for National Salvation (USN) were meeting in the Warabaley neighbourhood of Balbala on Sunday (June 2nd), arresting 13 people including USN President Ahmed Youssouf with the use of violence.",0,1572403776,DJI
5253937,262,DJI62,62,2013-05-15,2013,1,Violence against civilians,Attack,Police Forces of Djibouti (1999-),,1,Civilians (Djibouti),,7,17,Eastern Africa,Djibouti,Djibouti,Djibouti,,Djibouti,11.595,43.1481,1,Reporters Sans Frontieres,Other,"Maydaneh Abdallah Okieh was the victim of violence during his detention at the police criminal brigade,"" the news agency reported. ""For the last 48 hours, Maydaneh has been subject to inhuman and degrading treatment in extreme and barbaric conditions.""",0,1561469028,DJI
4909677,262,DJI61,61,2013-03-09,2013,1,Violence against civilians,Attack,Police Forces of Djibouti (1999-),,1,Civilians (Djibouti),Journalists (Djibouti),7,17,Eastern Africa,Djibouti,Djibouti,Djibouti,,Djibouti,11.595,43.1481,1,CIVICUS,Other,"On 9 March 2014, Maydaneh Abdallah Okieh, the website editor of La Voix de Djibouti, was arrested at his home and charged with disturbing public order following his coverage of an opposition meeting. He was allegedly beaten by security forces while in detention",0,1552577493,DJI
5253935,262,DJI56,56,2013-02-26,2013,1,Riots,Violent demonstration,Rioters (Djibouti),USN: Union for National Salvation,5,Police Forces of Djibouti (1999-),,1,15,Eastern Africa,Djibouti,Djibouti,Djibouti,,Djibouti,11.595,43.1481,2,AFP,International,Opposition protestors alleging fraud in parliamentary elections said they clashed with police for a second day Tuesday in the strategic Horn of Africa nation of Djibouti.,0,1561469028,DJI
4910702,262,DJI57,57,2013-02-26,2013,1,Protests,Peaceful protest,Protesters (Djibouti),Students (Djibouti),6,,,0,60,Eastern Africa,Djibouti,Djibouti,Djibouti,,Djibouti,11.595,43.1481,2,Africa News,Regional,"Students from the University of Djibouti protested before the Supreme Court on Tuesday (February 26th), demanding the release of opposition leaders arrested Monday.",0,1552577494,DJI
6350842,262,DJI58,58,2013-02-26,2013,1,Riots,Violent demonstration,Rioters (Djibouti),,5,Police Forces of Djibouti (1999-),,1,15,Eastern Africa,Djibouti,Djibouti,Djibouti,,Balbala,11.5619,43.1067,1,Local Source,Subnational,"According to this interpretation, police used tear gas on several occasions to disperse demonstrators. One of the areas of highest tension, the spokesman said, is southwest of Balbala. Monitoring groups estimate that 6 people died in the clashes on 25th and 26th.",3,1574110449,DJI
5253934,262,DJI53,53,2013-02-25,2013,1,Riots,Violent demonstration,Rioters (Djibouti),,5,Police Forces of Djibouti (1999-),,1,15,Eastern Africa,Djibouti,Djibouti,Djibouti,,Djibouti,11.595,43.1481,2,AFP,International,"As demonstrators gathered on Monday afternoon, police charged the crowd using batons and tear gas with people scattering into neighbourhoods of Djibouti city, Farah said, adding that some 300 people had been arrested on Monday. Monitoring groups estimate that 6 people died in the clashes on 25th and 26th.",3,1561469028,DJI
4910797,262,DJI54,54,2013-02-25,2013,1,Protests,Protest with intervention,Protesters (Djibouti),USN: Union for National Salvation,6,Police Forces of Djibouti (1999-),,1,16,Eastern Africa,Djibouti,Djibouti,Djibouti,,Djibouti,11.595,43.1481,1,Africa News,Regional,"Movement for Development and Liberty (Model) leaders Sheikhs Abdirahman Bashir and Abdirahman God were arrested for ""disturbing public order"" on Monday for protesting alleged fraud during last Fridays legislative elections.",0,1552577494,DJI
4913949,262,DJI52,52,2013-01-17,2013,1,Violence against civilians,Attack,Police Forces of Djibouti (1999-),,1,Civilians (Djibouti),MRD: Movement for Democratic Renewal,7,17,Eastern Africa,Djibouti,Djibouti,Djibouti,,Balbala,11.5619,43.1067,1,CIVICUS,Other,"The poet Farah Moussa Bouh, an MRD sympathiser, was arrested on 17 January 2013 at Balbala. He was beaten during the arrest along with his wife, Hawa Omar Abdillahi. Mr Bouh alleges he was subsequently tortured by police while in detention",0,1552577498,DJI
6311119,262,DJI51,51,2012-12-30,2012,1,Protests,Excessive force against protesters,Police Forces of Djibouti (1999-),,1,Protesters (Djibouti),,6,16,Eastern Africa,Djibouti,Obock,Obock,,Obock,11.9631,43.2906,1,States News Service (United States),International,"On 30 December 2012, Djiboutian security forces fired on peaceful young demonstrators in the city of Obock, killing a 14 year-old and seriously injuring many others",1,1572403781,DJI
5768134,262,DJI50,50,2012-11-08,2012,1,Battles,Armed clash,FRUD: Front of the Restoration of Unity and Democracy,,2,Military Forces of Djibouti (1999-) Presidential Security Unit,,1,12,Eastern Africa,Djibouti,Tadjourah,Randa,,Forest Day,11.7667,42.6581,1,Indian Ocean Newsletter,Regional,"About ten FRUD-arme rebels attacked the Day presidential residence, wounding 4 presidential guards",0,1567462156,DJI
5740595,262,DJI49,49,2011-04-08,2011,1,Protests,Peaceful protest,Protesters (Djibouti),UAD: Union for a Democratic Alternative Party,6,,,0,60,Eastern Africa,Djibouti,Djibouti,Djibouti,,Djibouti,11.595,43.1481,1,Africa Research Bulletin,Other,"Union for a Democratic Alternative Party candidates boycott voting in elections, believing the process is corrupt or rigged against them. The candidates also held rallies encouraging their supporters to do the same.",0,1567462122,DJI
5740738,262,DJI48,48,2011-04-08,2011,1,Protests,Peaceful protest,Protesters (Djibouti),FRUD: Front of the Restoration of Unity and Democracy,6,,,0,60,Eastern Africa,Djibouti,Djibouti,Djibouti,,Djibouti,11.595,43.1481,1,Africa Research Bulletin,Other,"FRUD party boycotts voting, believing the electoral system is rigged against them.",0,1567462122,DJI
4948278,262,DJI47,47,2011-03-11,2011,1,Protests,Peaceful protest,Protesters (Djibouti),National Democratic Party,6,,,0,60,Eastern Africa,Djibouti,Djibouti,Djibouti,,Djibouti,11.595,43.1481,1,Reuters,International,"Opposition parties call for a boycott of national elections, claiming the voting system is ""rigged"". Leaders of both groups were briefly detained by authorities.",0,1552577538,DJI
5740758,262,DJI46,46,2011-02-19,2011,1,Protests,Peaceful protest,Protesters (Djibouti),,6,,,0,60,Eastern Africa,Djibouti,Djibouti,Djibouti,,Balbala,11.5619,43.1067,1,Africa Research Bulletin,Other,Anti-regime protests occur in suburban Djibouti City. No report of police intervention or violence.,0,1567462122,DJI
5253932,262,DJI44,44,2011-02-18,2011,2,Protests,Excessive force against protesters,Police Forces of Djibouti (1999-),,1,Protesters (Djibouti),,6,16,Eastern Africa,Djibouti,Djibouti,Djibouti,,Djibouti,11.595,43.1481,1,AFP,International,"5,000+ youth and opposition protesters, calling for an end to the regime of President Guelleh, clash with police. One death reported, arrests made. The event lasted two days.",1,1561469028,DJI
5741029,262,DJI45,45,2011-02-18,2011,1,Protests,Excessive force against protesters,Protesters (Djibouti),UMD: Union for Democratic Movement Party; UAD: Union for a Democratic Alternative Party; UMD: Union for Democratic Movement Party,6,Police Forces of Djibouti (1999-),,1,16,Eastern Africa,Djibouti,Djibouti,Djibouti,,Djibouti,11.595,43.1481,1,Africa Research Bulletin,Other,"The UAD and UMD political parties protest the regime and majority political party. Police violently disperse them. One police officer, one protester killed.",2,1567462122,DJI
5741027,262,DJI43,43,2010-12-01,2010,1,Protests,Peaceful protest,Protesters (Djibouti),UAD: Union for a Democratic Alternative Party,6,,,0,60,Eastern Africa,Djibouti,Djibouti,Djibouti,,Djibouti,11.595,43.1481,1,Africa Research Bulletin,Other,The opposition Union for a Democratic Alternative holds a protest against President Guelleh's bid for a third term. Elections will be held April 2011.,0,1567462122,DJI
5253931,262,DJI42,42,2010-05-31,2010,1,Battles,Armed clash,FRUD: Front of the Restoration of Unity and Democracy,,2,Military Forces of Djibouti (1999-),,1,12,Eastern Africa,Djibouti,Obock,Obock,,Bouya,11.8517,43.0531,1,AFP,International,The rebel group FRUD claims it has fought off two attacks in two days by the military which had claimed the lives of three soldiers. No independent source confirmed the rebel claims and there was no comment from the government.,3,1561469028,DJI
5253929,262,DJI40,40,2010-05-29,2010,1,Battles,Armed clash,Military Forces of Djibouti (1999-),,1,FRUD: Front of the Restoration of Unity and Democracy,,2,12,Eastern Africa,Djibouti,Obock,Obock,,Bouya,11.8517,43.0531,1,AFP,International,Army clashes with FRUD rebels in north of Djibouti,0,1561469028,DJI
5253930,262,DJI41,41,2010-05-29,2010,1,Battles,Armed clash,Military Forces of Djibouti (1999-),,1,FRUD: Front of the Restoration of Unity and Democracy,,2,12,Eastern Africa,Djibouti,Obock,Obock,,Obock,11.9631,43.2906,2,AFP,International,Army clashes with FRUD rebels in north of Djibouti,0,1561469028,DJI
5253927,262,DJI38,38,2010-05-28,2010,1,Battles,Armed clash,Military Forces of Djibouti (1999-),,1,FRUD: Front of the Restoration of Unity and Democracy,,2,12,Eastern Africa,Djibouti,Obock,Obock,,Bouya,11.8517,43.0531,1,AFP,International,Army clashes with FRUD rebels in north of Djibouti,0,1561469028,DJI
5253928,262,DJI39,39,2010-05-28,2010,1,Battles,Armed clash,Military Forces of Djibouti (1999-),,1,FRUD: Front of the Restoration of Unity and Democracy,,2,12,Eastern Africa,Djibouti,Obock,Obock,,Obock,11.9631,43.2906,2,AFP,International,Army clashes with FRUD rebels in north of Djibouti,0,1561469028,DJI
5768137,262,DJI36,36,2010-03-21,2010,1,Protests,Peaceful protest,Protesters (Djibouti),,6,,,0,60,Eastern Africa,Djibouti,Tadjourah,Tadjourah,,Tadjourah,11.7853,42.8844,1,Indian Ocean Newsletter,Regional,Residents protest police shooting in their town,0,1567462156,DJI
5768148,262,DJI37,37,2010-03-21,2010,1,Violence against civilians,Attack,Police Forces of Djibouti (1999-),,1,Civilians (Djibouti),,7,17,Eastern Africa,Djibouti,Tadjourah,Tadjourah,,Tadjourah,11.7853,42.8844,1,Indian Ocean Newsletter,Regional,"Policeman opens fire on civilian vehicle, mistaking them for illegal aliens",0,1567462156,DJI
6052934,262,DJI35,35,2010-03-08,2010,1,Explosions/Remote violence,Grenade,Unidentified Armed Group (Djibouti),,3,Civilians (Djibouti),,7,37,Eastern Africa,Djibouti,Djibouti,Djibouti,,Djibouti,11.595,43.1481,1,ADI,New media,Grenade attack aimed at civilians in Djibouti capital,0,1571164539,DJI
6052935,262,DJI34,34,2010-03-04,2010,1,Explosions/Remote violence,Grenade,Unidentified Armed Group (Djibouti),,3,Civilians (Djibouti),,7,37,Eastern Africa,Djibouti,Djibouti,Djibouti,,Djibouti,11.595,43.1481,1,ADI,New media,Grenade attack aimed at civilians in Djibouti capital,0,1571164539,DJI
5560310,262,DJI33,33,2009-08-31,2009,1,Battles,Armed clash,Military Forces of Djibouti (1999-),,1,FRUD: Front of the Restoration of Unity and Democracy,,2,12,Eastern Africa,Djibouti,Obock,Obock,,Obock,11.9631,43.2906,2,IHS Global Insight,International,FRUD claims to have killed four soldiers during armed battle,4,1563305267,DJI
5768143,262,DJI32,32,2009-06-07,2009,1,Battles,Armed clash,Military Forces of Djibouti (1999-),,1,FRUD: Front of the Restoration of Unity and Democracy,,2,12,Eastern Africa,Djibouti,Obock,Obock,,Obock,11.9631,43.2906,2,Indian Ocean Newsletter,Regional,Military strikes known rebel areas; no information on casualties,0,1567462156,DJI
5768146,262,DJI31,31,2009-06-07,2009,1,Battles,Armed clash,Military Forces of Djibouti (1999-),,1,FRUD: Front of the Restoration of Unity and Democracy,,2,12,Eastern Africa,Djibouti,Obock,Obock,,Dalha Zone,12.1861,42.89,2,Indian Ocean Newsletter,Regional,Military strikes known rebel areas; no information on casualties,0,1567462156,DJI
5768138,262,DJI30,30,2009-06-06,2009,1,Explosions/Remote violence,Remote explosive/landmine/IED,Military Forces of Djibouti (1999-),,1,FRUD: Front of the Restoration of Unity and Democracy,,2,12,Eastern Africa,Djibouti,Obock,Alaili Dadda,,Andoli,12.5,42.9833,2,Indian Ocean Newsletter,Regional,"FRUD strikes government forces with landmines, three seriously injured",0,1567462156,DJI
5768136,262,DJI29,29,2009-02-28,2009,1,Explosions/Remote violence,Remote explosive/landmine/IED,FRUD: Front of the Restoration of Unity and Democracy,,2,Civilians (Djibouti),,7,27,Eastern Africa,Djibouti,Tadjourah,Randa,,Randa,11.8469,42.6606,2,Indian Ocean Newsletter,Regional,Construction workers strike landmine planted by FRUD; no deaths,0,1567462156,DJI
5768147,262,DJI28,28,2009-02-25,2009,1,Battles,Armed clash,Military Forces of Djibouti (1999-),,1,FRUD: Front of the Restoration of Unity and Democracy,,2,12,Eastern Africa,Djibouti,Tadjourah,Dorra,,Margoita,12.4056,42.4814,1,Indian Ocean Newsletter,Regional,FRUD attacks Minister for Defence and army officers during meeting,0,1567462156,DJI
6357611,262,DJI27,27,2008-06-18,2008,1,Battles,Armed clash,Military Forces of Djibouti (1999-),,1,Military Forces of Eritrea (1993-),,8,18,Eastern Africa,Djibouti,Ali Sabieh,Ali Sabieh,,Lake Abbe,11.1906,42.7892,2,Reuters,International,No deaths reported,0,1574121966,DJI
5560308,262,DJI26,26,2008-06-13,2008,1,Violence against civilians,Attack,Military Forces of Djibouti (1999-),,1,Civilians (Eritrea),,7,17,Eastern Africa,Djibouti,Djibouti,Djibouti,,Djibouti,11.595,43.1481,3,Reuters,International,,10,1563305267,DJI
5253917,262,DJI25,25,2007-03-02,2007,1,Strategic developments,Arrests,Police Forces of Djibouti (1999-),,1,Civilians (Djibouti),MRD: Movement for Democratic Renewal,7,17,Eastern Africa,Djibouti,Djibouti,Djibouti,,Djibouti,11.595,43.1481,1,Reporters Sans Frontieres,Other,"Police arrest opposition party members in connection with an article published in the opposition newspaper ""Le Renouveau""",0,1561469028,DJI
5253916,262,DJI24,24,2007-02-02,2007,1,Violence against civilians,Attack,Police Forces of Djibouti (1999-),,1,Civilians (Djibouti),,7,17,Eastern Africa,Djibouti,Djibouti,Djibouti,,Djibouti,11.595,43.1481,1,Reporters Sans Frontieres,Other,"Police raid the home of Daher Ahmed Farah, managing editor of the weekly ""Le Renouveau"", a mouthpiece for the opposition party, the Movement for Democratic Renewal (MRD), without a warrant over an article about President Ismael Omar Guellehs brother-in-law",0,1561469028,DJI
5253914,262,DJI22,22,2006-05-15,2006,3,Violence against civilians,Attack,Military Forces of Djibouti (1999-),,1,Civilians (Djibouti),FRUD: Front of the Restoration of Unity and Democracy,7,17,Eastern Africa,Djibouti,Obock,Obock,,Obock,11.9631,43.2906,2,AFP,International,"Security forces arrested about 50 people in an anti-crime crackdown begun in mid-May in Tadjourah and Obock that was criticized by an armed exiled opposition group as ""a vast military offensive"" against it",0,1561469028,DJI
5253915,262,DJI23,23,2006-05-15,2006,3,Violence against civilians,Attack,Military Forces of Djibouti (1999-),,1,Civilians (Djibouti),FRUD: Front of the Restoration of Unity and Democracy,7,17,Eastern Africa,Djibouti,Tadjourah,Tadjourah,,Tadjourah,11.7853,42.8844,2,AFP,International,"Security forces arrested about 50 people in an anti-crime crackdown begun in mid-May in Tadjourah and Obock that was criticized by an armed exiled opposition group as ""a vast military offensive"" against it",0,1561469028,DJI
5918242,262,DJI21,21,2006-02-06,2006,1,Riots,Violent demonstration,Rioters (Djibouti),Students (Djibouti),5,Police Forces of Djibouti (1999-),,1,15,Eastern Africa,Djibouti,Djibouti,Djibouti,,Djibouti,11.595,43.1481,1,AFP,International,"About 1,500 students took to the streets of the capital for a protest against the publication of cartoons depicting the Prophet Mohammed in Denmark. The protest turned violent, prompting police to fire teargas to break up the riots. At least three people were injured, one seriously.",0,1567465405,DJI
6352074,262,DJI20,20,2005-08-02,2005,1,Protests,Peaceful protest,Protesters (Djibouti),,6,,,0,60,Eastern Africa,Djibouti,Djibouti,Djibouti,,Djibouti,11.595,43.1481,1,Local Source,Subnational,Political opposition stages protest during presidential elections,0,1574110453,DJI
5253911,262,DJI19,19,2005-01-10,2005,1,Riots,Violent demonstration,Police Forces of Djibouti (1999-),,1,Rioters (Djibouti),,5,15,Eastern Africa,Djibouti,Djibouti,Djibouti,,Djibouti,11.595,43.1481,1,AFP,International,Police clash with protesting residents whose homes were marked for demolition,0,1561469028,DJI
5918241,262,DJI17,17,2004-06-15,2004,2,Strategic developments,Arrests,Police Forces of Djibouti (1999-),,1,Civilians (Djibouti),Journalists (Djibouti),7,17,Eastern Africa,Djibouti,Djibouti,Djibouti,,Djibouti,11.595,43.1481,1,International Freedom of Expression Exchange Clearing House,Other,"Police officers arrested ""Le Renouveau"" journalist Houssein Ahmed Farah on trumped up charges and imprisioned him in solitary confinement. ""Le Renouveau"" has been requently targeted by Djibouti authorities",0,1567465405,DJI
6355030,262,DJI16,16,2004-01-18,2004,1,Explosions/Remote violence,Remote explosive/landmine/IED,Unidentified Armed Group (Djibouti),,3,Civilians (Djibouti),,7,37,Eastern Africa,Djibouti,Ali Sabieh,Ali Sabieh,,Daasbiyo,11.2525,42.8003,1,AFP; AP,International,"Six passengers were injured Sunday by an explosion on a freight and passenger train traveling between Djibouti and Ethiopia close to the junction at Daasbyo, some 75 kilometres (47 miles) south of Djibouti city",0,1574121954,DJI
6352213,262,DJI15,15,2003-05-01,2003,1,Protests,Peaceful protest,Protesters (Djibouti),,6,,,0,60,Eastern Africa,Djibouti,Tadjourah,Randa,,Ribta,11.8136,42.7114,1,Local Source,Subnational,Residents gather to protest killing of Djibouti national by expatriate.,0,1574110454,DJI
5253909,262,DJI14,14,2002-04-16,2002,1,Battles,Armed clash,Police Forces of Djibouti (1999-),,1,Mutiny of Military Forces of Djibouti (1999-),,1,11,Eastern Africa,Djibouti,Djibouti,Djibouti,,Djibouti,11.595,43.1481,1,AFP,International,Clashes erupt as demobilised police and soldiers were protesting delays in payment of their pensions.,2,1561469028,DJI
5769259,262,DJI13,13,2001-05-12,2001,1,Strategic developments,Agreement,Military Forces of Djibouti (1999-),,1,FRUD: Front of the Restoration of Unity and Democracy,,2,12,Eastern Africa,Djibouti,Djibouti,Djibouti,,Djibouti,11.595,43.1481,1,IRIN,International,Agreement:The Djibouti government and the radical wing of the Front for the Restoration of Unity and Peace (FRUD) signed a peace agreement on Saturday which aims to put an end to the uneasy aftermath of the Afar insurgency in northern and south-western Djibouti,0,1567462158,DJI
5253907,262,DJI12,12,2001-04-09,2001,1,Riots,Violent demonstration,Police Forces of Djibouti (1999-),,1,Rioters (Djibouti),PND: National Democratic Party,5,15,Eastern Africa,Djibouti,Djibouti,Djibouti,,Djibouti,11.595,43.1481,1,AFP,International,"Police used teargas to disperse a crowd of over 100 opposition supporters outside a court where Aden Robleh Awalleh, leader of the opposition National Democratic Party (PND), and three others stood trial for the 1990 Cafe Paris bombing. Demonstrators responded by throwing stones at police.",0,1561469028,DJI
5253905,262,DJI11,11,2000-12-07,2000,1,Battles,Armed clash,Military Forces of Djibouti (1999-),,1,Mutiny of Police Forces of Djibouti (1977-1999),,1,11,Eastern Africa,Djibouti,Djibouti,Djibouti,,Djibouti,11.595,43.1481,1,AFP,International,Sacked police officer leads mutiny against ruling regime,0,1561469028,DJI
5004683,262,DJI10,10,1999-09-23,1999,1,Riots,Violent demonstration,Police Forces of Djibouti (1999-),,1,Rioters (Djibouti),Political Opposition,5,15,Eastern Africa,Djibouti,Djibouti,Djibouti,,Djibouti,11.595,43.1481,1,Reuters,International,Supporters of losing presidential candidate stage riot and clash with police; police kill one during clash,1,1552577668,DJI
5004688,262,DJI9,9,1999-09-23,1999,1,Riots,Violent demonstration,Rioters (Djibouti),,5,Police Forces of Djibouti (1999-),,1,15,Eastern Africa,Djibouti,Djibouti,Djibouti,,Djibouti,11.595,43.1481,1,Reuters,International,Supporters of losing presidential candidate stage riot and clash with police,0,1552577668,DJI
5006666,262,DJI8,8,1999-04-27,1999,1,Explosions/Remote violence,Remote explosive/landmine/IED,Military Forces of Djibouti (1977-1999),,1,Unidentified Armed Group (Djibouti),,3,13,Eastern Africa,Djibouti,Obock,Obock,,Medeho,11.9731,43.0261,1,Reuters,International,Landmine explosion kills four soldiers in north of country,4,1552577670,DJI
5006808,262,DJI7,7,1999-04-15,1999,1,Explosions/Remote violence,Remote explosive/landmine/IED,Police Forces of Djibouti (1999-),,1,Unidentified Armed Group (Djibouti),,3,13,Eastern Africa,Djibouti,Tadjourah,Tadjourah,,Tadjourah,11.7853,42.8844,2,Reuters,International,Landmine explosion kills police in north of country; no group claimed responsibility but likely the work of FRUD or other Afar militia,7,1552577670,DJI
5006869,262,DJI6,6,1999-04-13,1999,1,Explosions/Remote violence,Remote explosive/landmine/IED,Unidentified Armed Group (Djibouti),,3,Civilians (Djibouti),,7,37,Eastern Africa,Djibouti,Tadjourah,Tadjourah,,Tadjourah,11.7853,42.8844,2,Reuters,International,Landmine explosion kills woman and her driver in Tadjourah,2,1552577670,DJI
5007069,262,DJI4,4,1999-03-28,1999,1,Protests,Peaceful protest,Protesters (Djibouti),,6,,,0,60,Eastern Africa,Djibouti,Djibouti,Djibouti,,Djibouti,11.595,43.1481,1,Reuters,International,Peaceful protest against election irregularities,0,1552577670,DJI
5007070,262,DJI5,5,1999-03-28,1999,1,Protests,Protest with intervention,Protesters (Djibouti),,6,Police Forces of Djibouti (1999-),,1,16,Eastern Africa,Djibouti,Djibouti,Djibouti,,Djibouti,11.595,43.1481,1,Reuters,International,Police break up peaceful protest against election irregularities and injure civilians,0,1552577670,DJI
6357612,262,DJI3,3,1998-03-23,1998,2,Explosions/Remote violence,Remote explosive/landmine/IED,Military Forces of Djibouti (1977-1999),,1,FRUD: Front of the Restoration of Unity and Democracy,,2,12,Eastern Africa,Djibouti,Ali Sabieh,Ali Sabieh,,Assamo,10.9976,42.8386,1,Reuters,International,Three soldiers killed when vehicle strikes landmine planted by FRUD,3,1574121966,DJI
6357624,262,DJI2,2,1998-03-22,1998,2,Explosions/Remote violence,Remote explosive/landmine/IED,FRUD: Front of the Restoration of Unity and Democracy,,2,Civilians (International),Refugees/IDPs (International),7,27,Eastern Africa,Djibouti,Ali Sabieh,Ali Sabieh,,Assamo,10.9976,42.8386,1,Reuters,International,Refugees strike landmine planted by FRUD,0,1574121966,DJI
5014020,262,DJI1,1,1997-09-01,1997,1,Battles,Armed clash,Military Forces of Djibouti (1977-1999),,1,Unidentified Armed Group (Djibouti),,3,13,Eastern Africa,Djibouti,Obock,Obock,,Dalha Zone,12.1861,42.89,2,Reuters,International,"Armed group ambushes military, killing 11",0,1552577678,DJI